{
  "baseline-v2": {
    "centrality": {
      "mean": 0.315,
      "std": 0.07835106182362106,
      "min": 0.15,
      "max": 0.4,
      "count": 10
    },
    "strength": {
      "mean": 0.31,
      "std": 0.14491376746189438,
      "min": 0.15,
      "max": 0.6,
      "count": 10
    },
    "correctness": {
      "mean": 0.6799999999999999,
      "std": 0.0674948557710553,
      "min": 0.6,
      "max": 0.8,
      "count": 10
    },
    "clarity": {
      "mean": 0.885,
      "std": 0.024152294576982418,
      "min": 0.85,
      "max": 0.9,
      "count": 10
    },
    "dead_weight": {
      "mean": 0.07,
      "std": 0.025819888974716113,
      "min": 0.05,
      "max": 0.1,
      "count": 10
    },
    "single_issue": {
      "mean": 0.995,
      "std": 0.01581138830084191,
      "min": 0.95,
      "max": 1.0,
      "count": 10
    },
    "overall": {
      "mean": 0.194,
      "std": 0.05420127099780759,
      "min": 0.1,
      "max": 0.25,
      "count": 10
    },
    "strength_x_centrality": {
      "mean": 0.097,
      "std": 0.042077969955257526,
      "min": 0.0225,
      "max": 0.15,
      "count": 10
    }
  },
  "surgery": {
    "centrality": {
      "mean": 0.319,
      "std": 0.06208417225383974,
      "min": 0.25,
      "max": 0.45,
      "count": 10
    },
    "strength": {
      "mean": 0.365,
      "std": 0.14025769933312832,
      "min": 0.15,
      "max": 0.6,
      "count": 10
    },
    "correctness": {
      "mean": 0.6950000000000001,
      "std": 0.09070709882791851,
      "min": 0.55,
      "max": 0.8,
      "count": 10
    },
    "clarity": {
      "mean": 0.888,
      "std": 0.017511900715418277,
      "min": 0.85,
      "max": 0.9,
      "count": 10
    },
    "dead_weight": {
      "mean": 0.066,
      "std": 0.021705094128132943,
      "min": 0.05,
      "max": 0.1,
      "count": 10
    },
    "single_issue": {
      "mean": 0.98,
      "std": 0.03496029493900506,
      "min": 0.9,
      "max": 1.0,
      "count": 10
    },
    "overall": {
      "mean": 0.211,
      "std": 0.058395205282625734,
      "min": 0.12,
      "max": 0.3,
      "count": 10
    },
    "strength_x_centrality": {
      "mean": 0.11779999999999999,
      "std": 0.053346789969031874,
      "min": 0.0375,
      "max": 0.225,
      "count": 10
    }
  },
  "personas": {
    "centrality": {
      "mean": 0.355,
      "std": 0.13459816739713312,
      "min": 0.2,
      "max": 0.6,
      "count": 10
    },
    "strength": {
      "mean": 0.28300000000000003,
      "std": 0.10209472725529627,
      "min": 0.12,
      "max": 0.45,
      "count": 10
    },
    "correctness": {
      "mean": 0.634,
      "std": 0.05601587076693333,
      "min": 0.55,
      "max": 0.72,
      "count": 10
    },
    "clarity": {
      "mean": 0.872,
      "std": 0.022010098692292257,
      "min": 0.85,
      "max": 0.9,
      "count": 10
    },
    "dead_weight": {
      "mean": 0.08800000000000001,
      "std": 0.020976176963403034,
      "min": 0.05,
      "max": 0.1,
      "count": 10
    },
    "single_issue": {
      "mean": 0.944,
      "std": 0.030258148581093894,
      "min": 0.9,
      "max": 1.0,
      "count": 10
    },
    "overall": {
      "mean": 0.186,
      "std": 0.0693140998963735,
      "min": 0.08,
      "max": 0.32,
      "count": 10
    },
    "strength_x_centrality": {
      "mean": 0.10875,
      "std": 0.07265576753125354,
      "min": 0.024,
      "max": 0.27,
      "count": 10
    }
  },
  "unforgettable": {
    "centrality": {
      "mean": 0.355,
      "std": 0.10124228365658296,
      "min": 0.15,
      "max": 0.55,
      "count": 10
    },
    "strength": {
      "mean": 0.35000000000000003,
      "std": 0.13123346456686352,
      "min": 0.2,
      "max": 0.55,
      "count": 10
    },
    "correctness": {
      "mean": 0.63,
      "std": 0.10593499054713801,
      "min": 0.4,
      "max": 0.75,
      "count": 10
    },
    "clarity": {
      "mean": 0.885,
      "std": 0.024152294576982418,
      "min": 0.85,
      "max": 0.9,
      "count": 10
    },
    "dead_weight": {
      "mean": 0.065,
      "std": 0.0241522945769824,
      "min": 0.05,
      "max": 0.1,
      "count": 10
    },
    "single_issue": {
      "mean": 0.995,
      "std": 0.01581138830084191,
      "min": 0.95,
      "max": 1.0,
      "count": 10
    },
    "overall": {
      "mean": 0.211,
      "std": 0.079085045643563,
      "min": 0.12,
      "max": 0.35,
      "count": 10
    },
    "strength_x_centrality": {
      "mean": 0.1275,
      "std": 0.07129749878735814,
      "min": 0.06,
      "max": 0.24750000000000003,
      "count": 10
    }
  }
}