{
  "baseline-v2": {
    "centrality": {
      "mean": 0.34600000000000003,
      "std": 0.06636598861197236,
      "min": 0.25,
      "max": 0.45,
      "count": 10
    },
    "strength": {
      "mean": 0.274,
      "std": 0.08500980335624043,
      "min": 0.2,
      "max": 0.4,
      "count": 10
    },
    "correctness": {
      "mean": 0.662,
      "std": 0.07223418704310154,
      "min": 0.6,
      "max": 0.8,
      "count": 10
    },
    "clarity": {
      "mean": 0.884,
      "std": 0.022211108331943594,
      "min": 0.85,
      "max": 0.9,
      "count": 10
    },
    "dead_weight": {
      "mean": 0.076,
      "std": 0.04718756898449704,
      "min": 0.05,
      "max": 0.2,
      "count": 10
    },
    "single_issue": {
      "mean": 0.99,
      "std": 0.031622776601683784,
      "min": 0.9,
      "max": 1.0,
      "count": 10
    },
    "overall": {
      "mean": 0.16999999999999998,
      "std": 0.042426406871192854,
      "min": 0.12,
      "max": 0.25,
      "count": 10
    },
    "strength_x_centrality": {
      "mean": 0.09512,
      "std": 0.03455201553857282,
      "min": 0.05,
      "max": 0.13999999999999999,
      "count": 10
    }
  },
  "surgery": {
    "centrality": {
      "mean": 0.33,
      "std": 0.12507775359529144,
      "min": 0.15,
      "max": 0.6,
      "count": 10
    },
    "strength": {
      "mean": 0.279,
      "std": 0.07880355321938219,
      "min": 0.2,
      "max": 0.4,
      "count": 10
    },
    "correctness": {
      "mean": 0.622,
      "std": 0.09461031186456956,
      "min": 0.45,
      "max": 0.8,
      "count": 10
    },
    "clarity": {
      "mean": 0.829,
      "std": 0.05065131346328104,
      "min": 0.75,
      "max": 0.9,
      "count": 10
    },
    "dead_weight": {
      "mean": 0.076,
      "std": 0.023664319132398467,
      "min": 0.05,
      "max": 0.1,
      "count": 10
    },
    "single_issue": {
      "mean": 0.986,
      "std": 0.02270584848790189,
      "min": 0.95,
      "max": 1.0,
      "count": 10
    },
    "overall": {
      "mean": 0.18,
      "std": 0.048304589153964794,
      "min": 0.12,
      "max": 0.25,
      "count": 10
    },
    "strength_x_centrality": {
      "mean": 0.092,
      "std": 0.04189513363413729,
      "min": 0.039599999999999996,
      "max": 0.15,
      "count": 10
    }
  },
  "personas": {
    "centrality": {
      "mean": 0.288,
      "std": 0.07743097284391792,
      "min": 0.2,
      "max": 0.45,
      "count": 10
    },
    "strength": {
      "mean": 0.187,
      "std": 0.07902882737049535,
      "min": 0.1,
      "max": 0.3,
      "count": 10
    },
    "correctness": {
      "mean": 0.47000000000000003,
      "std": 0.11832159566199234,
      "min": 0.25,
      "max": 0.6,
      "count": 10
    },
    "clarity": {
      "mean": 0.831,
      "std": 0.03573047252229762,
      "min": 0.75,
      "max": 0.86,
      "count": 10
    },
    "dead_weight": {
      "mean": 0.108,
      "std": 0.022997584414213783,
      "min": 0.08,
      "max": 0.15,
      "count": 10
    },
    "single_issue": {
      "mean": 0.938,
      "std": 0.03645392830531283,
      "min": 0.9,
      "max": 1.0,
      "count": 10
    },
    "overall": {
      "mean": 0.141,
      "std": 0.037252889522529364,
      "min": 0.08,
      "max": 0.2,
      "count": 10
    },
    "strength_x_centrality": {
      "mean": 0.05491,
      "std": 0.028406237577921743,
      "min": 0.020000000000000004,
      "max": 0.1125,
      "count": 10
    }
  },
  "unforgettable": {
    "centrality": {
      "mean": 0.383,
      "std": 0.15916797556180842,
      "min": 0.18,
      "max": 0.7,
      "count": 10
    },
    "strength": {
      "mean": 0.262,
      "std": 0.09003702941938203,
      "min": 0.12,
      "max": 0.45,
      "count": 10
    },
    "correctness": {
      "mean": 0.64,
      "std": 0.08432740427115679,
      "min": 0.55,
      "max": 0.8,
      "count": 10
    },
    "clarity": {
      "mean": 0.885,
      "std": 0.024152294576982418,
      "min": 0.85,
      "max": 0.9,
      "count": 10
    },
    "dead_weight": {
      "mean": 0.07,
      "std": 0.025819888974716113,
      "min": 0.05,
      "max": 0.1,
      "count": 10
    },
    "single_issue": {
      "mean": 0.985,
      "std": 0.024152294576982418,
      "min": 0.95,
      "max": 1.0,
      "count": 10
    },
    "overall": {
      "mean": 0.182,
      "std": 0.04263540521418529,
      "min": 0.12,
      "max": 0.25,
      "count": 10
    },
    "strength_x_centrality": {
      "mean": 0.10366,
      "std": 0.056458051290808435,
      "min": 0.021599999999999998,
      "max": 0.21,
      "count": 10
    }
  }
}