{
  "conversational": {
    "centrality": {
      "mean": 0.501,
      "std": 0.141692154569922,
      "min": 0.32,
      "max": 0.8,
      "count": 10
    },
    "strength": {
      "mean": 0.428,
      "std": 0.08664102184685189,
      "min": 0.35,
      "max": 0.6,
      "count": 10
    },
    "correctness": {
      "mean": 0.794,
      "std": 0.05815687596683838,
      "min": 0.7,
      "max": 0.9,
      "count": 10
    },
    "clarity": {
      "mean": 0.887,
      "std": 0.02263232692902396,
      "min": 0.85,
      "max": 0.92,
      "count": 10
    },
    "dead_weight": {
      "mean": 0.060000000000000005,
      "std": 0.01699673171197595,
      "min": 0.05,
      "max": 0.1,
      "count": 10
    },
    "single_issue": {
      "mean": 0.95,
      "std": 0.04082482904638629,
      "min": 0.9,
      "max": 1.0,
      "count": 10
    },
    "overall": {
      "mean": 0.301,
      "std": 0.07489993324429602,
      "min": 0.2,
      "max": 0.43,
      "count": 10
    },
    "strength_x_centrality": {
      "mean": 0.21821000000000002,
      "std": 0.08545419110715273,
      "min": 0.1216,
      "max": 0.36000000000000004,
      "count": 10
    }
  }
}