{
  "conversational": {
    "centrality": {
      "mean": 0.40700000000000003,
      "std": 0.07703534542302284,
      "min": 0.3,
      "max": 0.55,
      "count": 10
    },
    "strength": {
      "mean": 0.44,
      "std": 0.08096638534327415,
      "min": 0.3,
      "max": 0.55,
      "count": 10
    },
    "correctness": {
      "mean": 0.826,
      "std": 0.04005551702879947,
      "min": 0.75,
      "max": 0.9,
      "count": 10
    },
    "clarity": {
      "mean": 0.894,
      "std": 0.01955050439815359,
      "min": 0.85,
      "max": 0.92,
      "count": 10
    },
    "dead_weight": {
      "mean": 0.08,
      "std": 0.02748737083745107,
      "min": 0.05,
      "max": 0.12,
      "count": 10
    },
    "single_issue": {
      "mean": 0.939,
      "std": 0.020789954839350207,
      "min": 0.9,
      "max": 0.95,
      "count": 10
    },
    "overall": {
      "mean": 0.281,
      "std": 0.03212821536005731,
      "min": 0.25,
      "max": 0.34,
      "count": 10
    },
    "strength_x_centrality": {
      "mean": 0.17585,
      "std": 0.031068964507294988,
      "min": 0.135,
      "max": 0.225,
      "count": 10
    }
  },
  "pivot-attack": {
    "centrality": {
      "mean": 0.368,
      "std": 0.04962078417580906,
      "min": 0.3,
      "max": 0.45,
      "count": 10
    },
    "strength": {
      "mean": 0.47200000000000003,
      "std": 0.08403702887550359,
      "min": 0.3,
      "max": 0.6,
      "count": 10
    },
    "correctness": {
      "mean": 0.786,
      "std": 0.06131883886702356,
      "min": 0.65,
      "max": 0.85,
      "count": 10
    },
    "clarity": {
      "mean": 0.897,
      "std": 0.020027758514399755,
      "min": 0.85,
      "max": 0.92,
      "count": 10
    },
    "dead_weight": {
      "mean": 0.068,
      "std": 0.023944379994757296,
      "min": 0.05,
      "max": 0.1,
      "count": 10
    },
    "single_issue": {
      "mean": 0.962,
      "std": 0.03938414796731181,
      "min": 0.9,
      "max": 1.0,
      "count": 10
    },
    "overall": {
      "mean": 0.277,
      "std": 0.03683295625749672,
      "min": 0.22,
      "max": 0.33,
      "count": 10
    },
    "strength_x_centrality": {
      "mean": 0.17400000000000002,
      "std": 0.040406957596708794,
      "min": 0.105,
      "max": 0.24,
      "count": 10
    }
  },
  "unforgettable": {
    "centrality": {
      "mean": 0.437,
      "std": 0.12211561006776415,
      "min": 0.3,
      "max": 0.7,
      "count": 10
    },
    "strength": {
      "mean": 0.425,
      "std": 0.06770032003863302,
      "min": 0.35,
      "max": 0.55,
      "count": 10
    },
    "correctness": {
      "mean": 0.731,
      "std": 0.06367451958550177,
      "min": 0.6,
      "max": 0.8,
      "count": 10
    },
    "clarity": {
      "mean": 0.89,
      "std": 0.017638342073763955,
      "min": 0.85,
      "max": 0.9,
      "count": 10
    },
    "dead_weight": {
      "mean": 0.08800000000000001,
      "std": 0.020976176963403034,
      "min": 0.05,
      "max": 0.1,
      "count": 10
    },
    "single_issue": {
      "mean": 0.94,
      "std": 0.02108185106778917,
      "min": 0.9,
      "max": 0.95,
      "count": 10
    },
    "overall": {
      "mean": 0.299,
      "std": 0.048636977245256056,
      "min": 0.25,
      "max": 0.38,
      "count": 10
    },
    "strength_x_centrality": {
      "mean": 0.1841,
      "std": 0.04968836215184933,
      "min": 0.105,
      "max": 0.25,
      "count": 10
    }
  },
  "personas": {
    "centrality": {
      "mean": 0.37,
      "std": 0.14757295747452437,
      "min": 0.25,
      "max": 0.7,
      "count": 10
    },
    "strength": {
      "mean": 0.38,
      "std": 0.10852547064066473,
      "min": 0.25,
      "max": 0.55,
      "count": 10
    },
    "correctness": {
      "mean": 0.71,
      "std": 0.0737864787372622,
      "min": 0.6,
      "max": 0.8,
      "count": 10
    },
    "clarity": {
      "mean": 0.864,
      "std": 0.020655911179772907,
      "min": 0.85,
      "max": 0.9,
      "count": 10
    },
    "dead_weight": {
      "mean": 0.10300000000000001,
      "std": 0.017669811040931425,
      "min": 0.08,
      "max": 0.15,
      "count": 10
    },
    "single_issue": {
      "mean": 0.897,
      "std": 0.029458068127047606,
      "min": 0.85,
      "max": 0.95,
      "count": 10
    },
    "overall": {
      "mean": 0.253,
      "std": 0.09499122766515512,
      "min": 0.18,
      "max": 0.48,
      "count": 10
    },
    "strength_x_centrality": {
      "mean": 0.1485,
      "std": 0.09729822426151695,
      "min": 0.075,
      "max": 0.385,
      "count": 10
    }
  }
}