{
  "baseline": {
    "cruciality": {
      "mean": 0.77,
      "std": 0.03651483716701108,
      "min": 0.72,
      "max": 0.82,
      "count": 7
    },
    "paper_specificity": {
      "mean": 0.7814285714285715,
      "std": 0.12707328219424824,
      "min": 0.62,
      "max": 0.95,
      "count": 7
    },
    "tractability": {
      "mean": 0.5571428571428572,
      "std": 0.053452248382484864,
      "min": 0.45,
      "max": 0.6,
      "count": 7
    },
    "clarity": {
      "mean": 0.7342857142857143,
      "std": 0.026992062325273146,
      "min": 0.7,
      "max": 0.76,
      "count": 7
    },
    "decision_hook": {
      "mean": 0.5485714285714286,
      "std": 0.05956189257922423,
      "min": 0.46,
      "max": 0.62,
      "count": 7
    },
    "dead_weight": {
      "mean": 0.13,
      "std": 0.028867513459481284,
      "min": 0.1,
      "max": 0.18,
      "count": 7
    },
    "overall": {
      "mean": 0.6142857142857143,
      "std": 0.05826867164470197,
      "min": 0.52,
      "max": 0.67,
      "count": 7
    },
    "cruciality_x_specificity": {
      "mean": 0.6028,
      "std": 0.1109479757964666,
      "min": 0.4752,
      "max": 0.76,
      "count": 7
    }
  },
  "decision-pivots": {
    "cruciality": {
      "mean": 0.7985714285714286,
      "std": 0.05014265364224069,
      "min": 0.72,
      "max": 0.85,
      "count": 7
    },
    "paper_specificity": {
      "mean": 0.8528571428571429,
      "std": 0.0718132498717532,
      "min": 0.7,
      "max": 0.9,
      "count": 7
    },
    "tractability": {
      "mean": 0.5671428571428572,
      "std": 0.019760470401187037,
      "min": 0.55,
      "max": 0.6,
      "count": 7
    },
    "clarity": {
      "mean": 0.76,
      "std": 0.03214550253664321,
      "min": 0.71,
      "max": 0.8,
      "count": 7
    },
    "decision_hook": {
      "mean": 0.9428571428571428,
      "std": 0.016035674514745423,
      "min": 0.92,
      "max": 0.96,
      "count": 7
    },
    "dead_weight": {
      "mean": 0.12857142857142856,
      "std": 0.018644544714716087,
      "min": 0.1,
      "max": 0.15,
      "count": 7
    },
    "overall": {
      "mean": 0.71,
      "std": 0.047258156262526094,
      "min": 0.62,
      "max": 0.78,
      "count": 7
    },
    "cruciality_x_specificity": {
      "mean": 0.6808857142857143,
      "std": 0.07123658771004848,
      "min": 0.574,
      "max": 0.765,
      "count": 7
    }
  },
  "adversarial-worldviews": {
    "cruciality": {
      "mean": 0.7814285714285714,
      "std": 0.05490251100164467,
      "min": 0.7,
      "max": 0.85,
      "count": 7
    },
    "paper_specificity": {
      "mean": 0.7328571428571429,
      "std": 0.19041308478448338,
      "min": 0.45,
      "max": 0.93,
      "count": 7
    },
    "tractability": {
      "mean": 0.47285714285714286,
      "std": 0.10703804397102396,
      "min": 0.35,
      "max": 0.62,
      "count": 7
    },
    "clarity": {
      "mean": 0.7128571428571429,
      "std": 0.0828078671210825,
      "min": 0.55,
      "max": 0.77,
      "count": 7
    },
    "decision_hook": {
      "mean": 0.9185714285714286,
      "std": 0.016761634196950495,
      "min": 0.9,
      "max": 0.95,
      "count": 7
    },
    "dead_weight": {
      "mean": 0.14285714285714285,
      "std": 0.017043362064926935,
      "min": 0.12,
      "max": 0.16,
      "count": 7
    },
    "overall": {
      "mean": 0.6071428571428571,
      "std": 0.1054694719992924,
      "min": 0.45,
      "max": 0.71,
      "count": 7
    },
    "cruciality_x_specificity": {
      "mean": 0.5704142857142858,
      "std": 0.14798743672545797,
      "min": 0.3825,
      "max": 0.7626,
      "count": 7
    }
  },
  "branching-futures": {
    "cruciality": {
      "mean": 0.7871428571428571,
      "std": 0.054989176424179366,
      "min": 0.72,
      "max": 0.87,
      "count": 7
    },
    "paper_specificity": {
      "mean": 0.7714285714285715,
      "std": 0.09299257522845066,
      "min": 0.7,
      "max": 0.92,
      "count": 7
    },
    "tractability": {
      "mean": 0.63,
      "std": 0.07094598884597589,
      "min": 0.55,
      "max": 0.76,
      "count": 7
    },
    "clarity": {
      "mean": 0.7457142857142857,
      "std": 0.041975049278169585,
      "min": 0.69,
      "max": 0.81,
      "count": 7
    },
    "decision_hook": {
      "mean": 0.8457142857142856,
      "std": 0.037796447300922756,
      "min": 0.82,
      "max": 0.92,
      "count": 7
    },
    "dead_weight": {
      "mean": 0.16571428571428573,
      "std": 0.03598941643369749,
      "min": 0.12,
      "max": 0.22,
      "count": 7
    },
    "overall": {
      "mean": 0.6885714285714286,
      "std": 0.056987885095159015,
      "min": 0.61,
      "max": 0.74,
      "count": 7
    },
    "cruciality_x_specificity": {
      "mean": 0.6110285714285714,
      "std": 0.11437222440035741,
      "min": 0.504,
      "max": 0.8004,
      "count": 7
    }
  }
}