{
  "surgery": {
    "centrality": {
      "mean": 0.40166666666666667,
      "std": 0.11101672236054423,
      "min": 0.25,
      "max": 0.7,
      "count": 30
    },
    "strength": {
      "mean": 0.285,
      "std": 0.06452746007281145,
      "min": 0.2,
      "max": 0.45,
      "count": 30
    },
    "correctness": {
      "mean": 0.6016666666666667,
      "std": 0.06363057892800161,
      "min": 0.5,
      "max": 0.75,
      "count": 30
    },
    "clarity": {
      "mean": 0.765,
      "std": 0.057460631200249045,
      "min": 0.65,
      "max": 0.85,
      "count": 30
    },
    "dead_weight": {
      "mean": 0.07333333333333333,
      "std": 0.03880395761306805,
      "min": 0.0,
      "max": 0.1,
      "count": 30
    },
    "single_issue": {
      "mean": 1.0,
      "std": 0.0,
      "min": 1.0,
      "max": 1.0,
      "count": 30
    },
    "overall": {
      "mean": 0.20333333333333334,
      "std": 0.06556562037159905,
      "min": 0,
      "max": 0.35,
      "count": 30
    },
    "strength_x_centrality": {
      "mean": 0.11716666666666667,
      "std": 0.05067107134514098,
      "min": 0.05,
      "max": 0.24750000000000003,
      "count": 30
    }
  },
  "personas": {
    "centrality": {
      "mean": 0.36666666666666664,
      "std": 0.12270888828592581,
      "min": 0.15,
      "max": 0.65,
      "count": 30
    },
    "strength": {
      "mean": 0.30166666666666664,
      "std": 0.0594273438360011,
      "min": 0.2,
      "max": 0.4,
      "count": 30
    },
    "correctness": {
      "mean": 0.595,
      "std": 0.060671529424917416,
      "min": 0.5,
      "max": 0.7,
      "count": 30
    },
    "clarity": {
      "mean": 0.765,
      "std": 0.05110840405957949,
      "min": 0.7,
      "max": 0.85,
      "count": 30
    },
    "dead_weight": {
      "mean": 0.10833333333333334,
      "std": 0.0349465930788123,
      "min": 0.05,
      "max": 0.2,
      "count": 30
    },
    "single_issue": {
      "mean": 0.9816666666666667,
      "std": 0.05645158641876596,
      "min": 0.8,
      "max": 1.0,
      "count": 30
    },
    "overall": {
      "mean": 0.21,
      "std": 0.08944271909999159,
      "min": 0,
      "max": 0.3,
      "count": 30
    },
    "strength_x_centrality": {
      "mean": 0.11358333333333333,
      "std": 0.04994256758989534,
      "min": 0.03,
      "max": 0.22749999999999998,
      "count": 30
    }
  },
  "unforgettable": {
    "centrality": {
      "mean": 0.37666666666666665,
      "std": 0.14307782626184987,
      "min": 0.15,
      "max": 0.65,
      "count": 30
    },
    "strength": {
      "mean": 0.30833333333333335,
      "std": 0.06443833370420679,
      "min": 0.2,
      "max": 0.45,
      "count": 30
    },
    "correctness": {
      "mean": 0.5933333333333333,
      "std": 0.07958224257542214,
      "min": 0.4,
      "max": 0.75,
      "count": 30
    },
    "clarity": {
      "mean": 0.7566666666666666,
      "std": 0.059788900672935616,
      "min": 0.65,
      "max": 0.85,
      "count": 30
    },
    "dead_weight": {
      "mean": 0.09000000000000001,
      "std": 0.024211709905575116,
      "min": 0.0,
      "max": 0.1,
      "count": 30
    },
    "single_issue": {
      "mean": 1.0,
      "std": 0.0,
      "min": 1.0,
      "max": 1.0,
      "count": 30
    },
    "overall": {
      "mean": 0.19,
      "std": 0.0855005545454894,
      "min": 0,
      "max": 0.35,
      "count": 30
    },
    "strength_x_centrality": {
      "mean": 0.11816666666666666,
      "std": 0.05697448511415428,
      "min": 0.0375,
      "max": 0.24,
      "count": 30
    }
  }
}