{
  "baseline-v2": {
    "centrality": {
      "mean": 0.364,
      "std": 0.15784662034885497,
      "min": 0.18,
      "max": 0.65,
      "count": 10
    },
    "strength": {
      "mean": 0.305,
      "std": 0.06416125518306719,
      "min": 0.2,
      "max": 0.42,
      "count": 10
    },
    "correctness": {
      "mean": 0.737,
      "std": 0.10011659869039367,
      "min": 0.6,
      "max": 0.9,
      "count": 10
    },
    "clarity": {
      "mean": 0.903,
      "std": 0.02213594362117865,
      "min": 0.86,
      "max": 0.95,
      "count": 10
    },
    "dead_weight": {
      "mean": 0.051000000000000004,
      "std": 0.011972189997378648,
      "min": 0.03,
      "max": 0.08,
      "count": 10
    },
    "single_issue": {
      "mean": 0.996,
      "std": 0.012649110640673528,
      "min": 0.96,
      "max": 1.0,
      "count": 10
    },
    "overall": {
      "mean": 0.181,
      "std": 0.05724217559340899,
      "min": 0.11,
      "max": 0.28,
      "count": 10
    },
    "strength_x_centrality": {
      "mean": 0.11155,
      "std": 0.05586794449612605,
      "min": 0.0504,
      "max": 0.22749999999999998,
      "count": 10
    }
  },
  "surgery": {
    "centrality": {
      "mean": 0.2583333333333333,
      "std": 0.17773906849814486,
      "min": 0.0,
      "max": 0.6,
      "count": 18
    },
    "strength": {
      "mean": 0.22055555555555556,
      "std": 0.17754774742130378,
      "min": 0.0,
      "max": 0.6,
      "count": 18
    },
    "correctness": {
      "mean": 0.7305555555555555,
      "std": 0.12501633880145532,
      "min": 0.4,
      "max": 0.9,
      "count": 18
    },
    "clarity": {
      "mean": 0.8961111111111111,
      "std": 0.06288541296197946,
      "min": 0.7,
      "max": 1.0,
      "count": 18
    },
    "dead_weight": {
      "mean": 0.043888888888888894,
      "std": 0.050192440125497326,
      "min": 0.0,
      "max": 0.2,
      "count": 18
    },
    "single_issue": {
      "mean": 0.9538888888888889,
      "std": 0.1882782324392746,
      "min": 0.2,
      "max": 1.0,
      "count": 18
    },
    "overall": {
      "mean": 0.14833333333333334,
      "std": 0.09166755792793102,
      "min": 0.0,
      "max": 0.33,
      "count": 18
    },
    "strength_x_centrality": {
      "mean": 0.07676111111111111,
      "std": 0.06814052209686969,
      "min": 0.0,
      "max": 0.225,
      "count": 18
    }
  },
  "personas": {
    "centrality": {
      "mean": 0.38,
      "std": 0.16193277068654827,
      "min": 0.15,
      "max": 0.55,
      "count": 10
    },
    "strength": {
      "mean": 0.355,
      "std": 0.12122064363978789,
      "min": 0.15,
      "max": 0.55,
      "count": 10
    },
    "correctness": {
      "mean": 0.6699999999999999,
      "std": 0.09486832980505137,
      "min": 0.55,
      "max": 0.85,
      "count": 10
    },
    "clarity": {
      "mean": 0.876,
      "std": 0.034705106892854325,
      "min": 0.8,
      "max": 0.9,
      "count": 10
    },
    "dead_weight": {
      "mean": 0.07300000000000001,
      "std": 0.028303906287138372,
      "min": 0.05,
      "max": 0.12,
      "count": 10
    },
    "single_issue": {
      "mean": 0.966,
      "std": 0.023664319132398484,
      "min": 0.95,
      "max": 1.0,
      "count": 10
    },
    "overall": {
      "mean": 0.228,
      "std": 0.07771743691090179,
      "min": 0.12,
      "max": 0.35,
      "count": 10
    },
    "strength_x_centrality": {
      "mean": 0.14,
      "std": 0.07758507874871588,
      "min": 0.03,
      "max": 0.24750000000000003,
      "count": 10
    }
  },
  "unforgettable": {
    "centrality": {
      "mean": 0.347,
      "std": 0.1451474346234813,
      "min": 0.22,
      "max": 0.6,
      "count": 10
    },
    "strength": {
      "mean": 0.276,
      "std": 0.07820201759261429,
      "min": 0.2,
      "max": 0.45,
      "count": 10
    },
    "correctness": {
      "mean": 0.599,
      "std": 0.1513971965100778,
      "min": 0.4,
      "max": 0.9,
      "count": 10
    },
    "clarity": {
      "mean": 0.886,
      "std": 0.03921450978627397,
      "min": 0.8,
      "max": 0.95,
      "count": 10
    },
    "dead_weight": {
      "mean": 0.056,
      "std": 0.026749870196985173,
      "min": 0.0,
      "max": 0.1,
      "count": 10
    },
    "single_issue": {
      "mean": 0.982,
      "std": 0.03359894178227774,
      "min": 0.9,
      "max": 1.0,
      "count": 10
    },
    "overall": {
      "mean": 0.166,
      "std": 0.04273952113286562,
      "min": 0.12,
      "max": 0.25,
      "count": 10
    },
    "strength_x_centrality": {
      "mean": 0.0965,
      "std": 0.04880177592396954,
      "min": 0.05,
      "max": 0.18,
      "count": 10
    }
  }
}