{
  "conversational": {
    "centrality": {
      "mean": 0.5,
      "std": 0.14337208778404378,
      "min": 0.3,
      "max": 0.8,
      "count": 10
    },
    "strength": {
      "mean": 0.375,
      "std": 0.042491829279939886,
      "min": 0.35,
      "max": 0.45,
      "count": 10
    },
    "correctness": {
      "mean": 0.785,
      "std": 0.057975090436420296,
      "min": 0.7,
      "max": 0.85,
      "count": 10
    },
    "clarity": {
      "mean": 0.887,
      "std": 0.021628170930011133,
      "min": 0.85,
      "max": 0.9,
      "count": 10
    },
    "dead_weight": {
      "mean": 0.09000000000000001,
      "std": 0.021081851067789197,
      "min": 0.05,
      "max": 0.1,
      "count": 10
    },
    "single_issue": {
      "mean": 0.9299999999999999,
      "std": 0.06749485577105528,
      "min": 0.75,
      "max": 1.0,
      "count": 10
    },
    "overall": {
      "mean": 0.269,
      "std": 0.03784471194529326,
      "min": 0.2,
      "max": 0.33,
      "count": 10
    },
    "strength_x_centrality": {
      "mean": 0.18525,
      "std": 0.04913770333347794,
      "min": 0.135,
      "max": 0.27999999999999997,
      "count": 10
    }
  }
}