{
  "baseline-v2": {
    "centrality": {
      "mean": 0.453,
      "std": 0.1911398557194298,
      "min": 0.25,
      "max": 0.75,
      "count": 10
    },
    "strength": {
      "mean": 0.385,
      "std": 0.10814085465005557,
      "min": 0.2,
      "max": 0.55,
      "count": 10
    },
    "correctness": {
      "mean": 0.725,
      "std": 0.06770032003863302,
      "min": 0.6,
      "max": 0.85,
      "count": 10
    },
    "clarity": {
      "mean": 0.895,
      "std": 0.01581138830084191,
      "min": 0.85,
      "max": 0.9,
      "count": 10
    },
    "dead_weight": {
      "mean": 0.045000000000000005,
      "std": 0.0158113883008419,
      "min": 0.0,
      "max": 0.05,
      "count": 10
    },
    "single_issue": {
      "mean": 0.995,
      "std": 0.01581138830084191,
      "min": 0.95,
      "max": 1.0,
      "count": 10
    },
    "overall": {
      "mean": 0.259,
      "std": 0.08020113604072092,
      "min": 0.18,
      "max": 0.45,
      "count": 10
    },
    "strength_x_centrality": {
      "mean": 0.17275000000000001,
      "std": 0.09459306117375747,
      "min": 0.0875,
      "max": 0.385,
      "count": 10
    }
  },
  "surgery": {
    "centrality": {
      "mean": 0.365,
      "std": 0.13133925536563698,
      "min": 0.2,
      "max": 0.65,
      "count": 10
    },
    "strength": {
      "mean": 0.375,
      "std": 0.1438556375136006,
      "min": 0.25,
      "max": 0.75,
      "count": 10
    },
    "correctness": {
      "mean": 0.63,
      "std": 0.06324555320336758,
      "min": 0.55,
      "max": 0.75,
      "count": 10
    },
    "clarity": {
      "mean": 0.865,
      "std": 0.024152294576982418,
      "min": 0.85,
      "max": 0.9,
      "count": 10
    },
    "dead_weight": {
      "mean": 0.05,
      "std": 0.0,
      "min": 0.05,
      "max": 0.05,
      "count": 10
    },
    "single_issue": {
      "mean": 0.98,
      "std": 0.025819888974716137,
      "min": 0.95,
      "max": 1.0,
      "count": 10
    },
    "overall": {
      "mean": 0.212,
      "std": 0.039384147967311815,
      "min": 0.15,
      "max": 0.25,
      "count": 10
    },
    "strength_x_centrality": {
      "mean": 0.1275,
      "std": 0.03259601202601325,
      "min": 0.075,
      "max": 0.1625,
      "count": 10
    }
  },
  "personas": {
    "centrality": {
      "mean": 0.465,
      "std": 0.17958284996067972,
      "min": 0.25,
      "max": 0.75,
      "count": 10
    },
    "strength": {
      "mean": 0.295,
      "std": 0.06433419688539593,
      "min": 0.2,
      "max": 0.4,
      "count": 10
    },
    "correctness": {
      "mean": 0.59,
      "std": 0.02108185106778917,
      "min": 0.55,
      "max": 0.6,
      "count": 10
    },
    "clarity": {
      "mean": 0.855,
      "std": 0.04972144630058766,
      "min": 0.75,
      "max": 0.9,
      "count": 10
    },
    "dead_weight": {
      "mean": 0.095,
      "std": 0.028382310609877334,
      "min": 0.05,
      "max": 0.15,
      "count": 10
    },
    "single_issue": {
      "mean": 0.94,
      "std": 0.04594682917363407,
      "min": 0.85,
      "max": 1.0,
      "count": 10
    },
    "overall": {
      "mean": 0.21,
      "std": 0.05436502143433364,
      "min": 0.15,
      "max": 0.3,
      "count": 10
    },
    "strength_x_centrality": {
      "mean": 0.13874999999999998,
      "std": 0.06013006735402846,
      "min": 0.05,
      "max": 0.24499999999999997,
      "count": 10
    }
  },
  "unforgettable": {
    "centrality": {
      "mean": 0.535,
      "std": 0.16674997917707685,
      "min": 0.25,
      "max": 0.8,
      "count": 10
    },
    "strength": {
      "mean": 0.375,
      "std": 0.10069204977995476,
      "min": 0.2,
      "max": 0.6,
      "count": 10
    },
    "correctness": {
      "mean": 0.645,
      "std": 0.07619419633774971,
      "min": 0.5,
      "max": 0.7,
      "count": 10
    },
    "clarity": {
      "mean": 0.87,
      "std": 0.04830458915396481,
      "min": 0.75,
      "max": 0.9,
      "count": 10
    },
    "dead_weight": {
      "mean": 0.055,
      "std": 0.0158113883008419,
      "min": 0.05,
      "max": 0.1,
      "count": 10
    },
    "single_issue": {
      "mean": 0.98,
      "std": 0.025819888974716137,
      "min": 0.95,
      "max": 1.0,
      "count": 10
    },
    "overall": {
      "mean": 0.258,
      "std": 0.061788168590578715,
      "min": 0.15,
      "max": 0.38,
      "count": 10
    },
    "strength_x_centrality": {
      "mean": 0.19925,
      "std": 0.07725364069090855,
      "min": 0.08000000000000002,
      "max": 0.36000000000000004,
      "count": 10
    }
  }
}