{
  "baseline-v2": {
    "centrality": {
      "mean": 0.34299999999999997,
      "std": 0.14847745807211124,
      "min": 0.18,
      "max": 0.7,
      "count": 10
    },
    "strength": {
      "mean": 0.255,
      "std": 0.05502524673073059,
      "min": 0.15,
      "max": 0.35,
      "count": 10
    },
    "correctness": {
      "mean": 0.61,
      "std": 0.09067647005823629,
      "min": 0.4,
      "max": 0.75,
      "count": 10
    },
    "clarity": {
      "mean": 0.865,
      "std": 0.024152294576982418,
      "min": 0.85,
      "max": 0.9,
      "count": 10
    },
    "dead_weight": {
      "mean": 0.07500000000000001,
      "std": 0.026352313834736497,
      "min": 0.05,
      "max": 0.1,
      "count": 10
    },
    "single_issue": {
      "mean": 0.985,
      "std": 0.024152294576982418,
      "min": 0.95,
      "max": 1.0,
      "count": 10
    },
    "overall": {
      "mean": 0.16999999999999998,
      "std": 0.05077182070575939,
      "min": 0.12,
      "max": 0.25,
      "count": 10
    },
    "strength_x_centrality": {
      "mean": 0.089,
      "std": 0.042150523919242885,
      "min": 0.03,
      "max": 0.175,
      "count": 10
    }
  },
  "surgery": {
    "centrality": {
      "mean": 0.34299999999999997,
      "std": 0.157483685222029,
      "min": 0.18,
      "max": 0.75,
      "count": 10
    },
    "strength": {
      "mean": 0.259,
      "std": 0.038715486421958954,
      "min": 0.22,
      "max": 0.35,
      "count": 10
    },
    "correctness": {
      "mean": 0.618,
      "std": 0.07757433710820723,
      "min": 0.5,
      "max": 0.78,
      "count": 10
    },
    "clarity": {
      "mean": 0.848,
      "std": 0.05287301349039561,
      "min": 0.75,
      "max": 0.92,
      "count": 10
    },
    "dead_weight": {
      "mean": 0.066,
      "std": 0.023664319132398467,
      "min": 0.05,
      "max": 0.1,
      "count": 10
    },
    "single_issue": {
      "mean": 0.985,
      "std": 0.024152294576982418,
      "min": 0.95,
      "max": 1.0,
      "count": 10
    },
    "overall": {
      "mean": 0.159,
      "std": 0.033149493041204854,
      "min": 0.12,
      "max": 0.22,
      "count": 10
    },
    "strength_x_centrality": {
      "mean": 0.08942,
      "std": 0.04133461825959769,
      "min": 0.039599999999999996,
      "max": 0.1875,
      "count": 10
    }
  },
  "personas": {
    "centrality": {
      "mean": 0.405,
      "std": 0.1770906861218599,
      "min": 0.2,
      "max": 0.7,
      "count": 10
    },
    "strength": {
      "mean": 0.295,
      "std": 0.06851601597031488,
      "min": 0.2,
      "max": 0.4,
      "count": 10
    },
    "correctness": {
      "mean": 0.55,
      "std": 0.062360956446232345,
      "min": 0.4,
      "max": 0.6,
      "count": 10
    },
    "clarity": {
      "mean": 0.845,
      "std": 0.05502524673073061,
      "min": 0.7,
      "max": 0.9,
      "count": 10
    },
    "dead_weight": {
      "mean": 0.1,
      "std": 0.05270462766947299,
      "min": 0.05,
      "max": 0.2,
      "count": 10
    },
    "single_issue": {
      "mean": 0.97,
      "std": 0.03496029493900506,
      "min": 0.9,
      "max": 1.0,
      "count": 10
    },
    "overall": {
      "mean": 0.19,
      "std": 0.04594682917363408,
      "min": 0.12,
      "max": 0.27,
      "count": 10
    },
    "strength_x_centrality": {
      "mean": 0.1195,
      "std": 0.055562777308394345,
      "min": 0.04000000000000001,
      "max": 0.21,
      "count": 10
    }
  },
  "unforgettable": {
    "centrality": {
      "mean": 0.443,
      "std": 0.15720121571483545,
      "min": 0.18,
      "max": 0.65,
      "count": 10
    },
    "strength": {
      "mean": 0.313,
      "std": 0.04243949942107129,
      "min": 0.25,
      "max": 0.35,
      "count": 10
    },
    "correctness": {
      "mean": 0.627,
      "std": 0.06717307661721487,
      "min": 0.55,
      "max": 0.75,
      "count": 10
    },
    "clarity": {
      "mean": 0.861,
      "std": 0.020789954839350252,
      "min": 0.85,
      "max": 0.9,
      "count": 10
    },
    "dead_weight": {
      "mean": 0.08,
      "std": 0.025819888974716113,
      "min": 0.05,
      "max": 0.1,
      "count": 10
    },
    "single_issue": {
      "mean": 0.956,
      "std": 0.02836272984824353,
      "min": 0.9,
      "max": 1.0,
      "count": 10
    },
    "overall": {
      "mean": 0.217,
      "std": 0.06019413038937712,
      "min": 0.13,
      "max": 0.3,
      "count": 10
    },
    "strength_x_centrality": {
      "mean": 0.14229,
      "std": 0.06231146586125043,
      "min": 0.0504,
      "max": 0.22749999999999998,
      "count": 10
    }
  }
}