{
  "baseline": {
    "cruciality": {
      "mean": 0.8014285714285714,
      "std": 0.04775931721614517,
      "min": 0.72,
      "max": 0.86,
      "count": 7
    },
    "paper_specificity": {
      "mean": 0.8071428571428572,
      "std": 0.07543524501502062,
      "min": 0.7,
      "max": 0.86,
      "count": 7
    },
    "tractability": {
      "mean": 0.5142857142857143,
      "std": 0.05223572942509208,
      "min": 0.44,
      "max": 0.56,
      "count": 7
    },
    "clarity": {
      "mean": 0.7357142857142858,
      "std": 0.0369039938476144,
      "min": 0.66,
      "max": 0.77,
      "count": 7
    },
    "decision_hook": {
      "mean": 0.7385714285714285,
      "std": 0.12455635557564179,
      "min": 0.58,
      "max": 0.85,
      "count": 7
    },
    "dead_weight": {
      "mean": 0.11,
      "std": 0.035118845842842465,
      "min": 0.05,
      "max": 0.14,
      "count": 7
    },
    "overall": {
      "mean": 0.6585714285714286,
      "std": 0.03804758924845368,
      "min": 0.61,
      "max": 0.72,
      "count": 7
    },
    "cruciality_x_specificity": {
      "mean": 0.6453714285714286,
      "std": 0.05478374802456518,
      "min": 0.5599999999999999,
      "max": 0.7051999999999999,
      "count": 7
    }
  },
  "decision-pivots": {
    "cruciality": {
      "mean": 0.8385714285714285,
      "std": 0.025448360411214066,
      "min": 0.8,
      "max": 0.87,
      "count": 7
    },
    "paper_specificity": {
      "mean": 0.8185714285714286,
      "std": 0.04180453381654969,
      "min": 0.74,
      "max": 0.86,
      "count": 7
    },
    "tractability": {
      "mean": 0.51,
      "std": 0.10954451150103323,
      "min": 0.35,
      "max": 0.62,
      "count": 7
    },
    "clarity": {
      "mean": 0.7542857142857142,
      "std": 0.045408201482824255,
      "min": 0.7,
      "max": 0.83,
      "count": 7
    },
    "decision_hook": {
      "mean": 0.9414285714285714,
      "std": 0.020354009783964264,
      "min": 0.9,
      "max": 0.96,
      "count": 7
    },
    "dead_weight": {
      "mean": 0.11571428571428571,
      "std": 0.05223572942509206,
      "min": 0.08,
      "max": 0.22,
      "count": 7
    },
    "overall": {
      "mean": 0.7028571428571428,
      "std": 0.06264031867582989,
      "min": 0.62,
      "max": 0.78,
      "count": 7
    },
    "cruciality_x_specificity": {
      "mean": 0.6864571428571429,
      "std": 0.04098743129069596,
      "min": 0.6068,
      "max": 0.7308,
      "count": 7
    }
  },
  "adversarial-worldviews": {
    "cruciality": {
      "mean": 0.8371428571428572,
      "std": 0.04029651999626672,
      "min": 0.78,
      "max": 0.9,
      "count": 7
    },
    "paper_specificity": {
      "mean": 0.75,
      "std": 0.10969655114602891,
      "min": 0.6,
      "max": 0.9,
      "count": 7
    },
    "tractability": {
      "mean": 0.5114285714285715,
      "std": 0.05459809869356609,
      "min": 0.45,
      "max": 0.56,
      "count": 7
    },
    "clarity": {
      "mean": 0.7485714285714286,
      "std": 0.021157009420498172,
      "min": 0.71,
      "max": 0.78,
      "count": 7
    },
    "decision_hook": {
      "mean": 0.9257142857142857,
      "std": 0.0207019667802706,
      "min": 0.9,
      "max": 0.95,
      "count": 7
    },
    "dead_weight": {
      "mean": 0.12,
      "std": 0.02516611478423583,
      "min": 0.08,
      "max": 0.15,
      "count": 7
    },
    "overall": {
      "mean": 0.6857142857142857,
      "std": 0.04391550328268398,
      "min": 0.62,
      "max": 0.73,
      "count": 7
    },
    "cruciality_x_specificity": {
      "mean": 0.6285142857142857,
      "std": 0.10099107928544032,
      "min": 0.51,
      "max": 0.765,
      "count": 7
    }
  },
  "branching-futures": {
    "cruciality": {
      "mean": 0.7714285714285715,
      "std": 0.053049841793220406,
      "min": 0.7,
      "max": 0.85,
      "count": 7
    },
    "paper_specificity": {
      "mean": 0.69,
      "std": 0.06658328118479394,
      "min": 0.6,
      "max": 0.78,
      "count": 7
    },
    "tractability": {
      "mean": 0.6114285714285714,
      "std": 0.03848314411469496,
      "min": 0.55,
      "max": 0.66,
      "count": 7
    },
    "clarity": {
      "mean": 0.7628571428571429,
      "std": 0.024976179127511176,
      "min": 0.74,
      "max": 0.81,
      "count": 7
    },
    "decision_hook": {
      "mean": 0.8471428571428572,
      "std": 0.08340948901139998,
      "min": 0.68,
      "max": 0.92,
      "count": 7
    },
    "dead_weight": {
      "mean": 0.12714285714285714,
      "std": 0.030937725468153876,
      "min": 0.08,
      "max": 0.18,
      "count": 7
    },
    "overall": {
      "mean": 0.6771428571428572,
      "std": 0.028702082220799296,
      "min": 0.66,
      "max": 0.74,
      "count": 7
    },
    "cruciality_x_specificity": {
      "mean": 0.5328999999999999,
      "std": 0.06868762625102137,
      "min": 0.44639999999999996,
      "max": 0.6375,
      "count": 7
    }
  }
}