{
  "baseline": {
    "cruciality": {
      "mean": 0.7257142857142858,
      "std": 0.0795523188132906,
      "min": 0.62,
      "max": 0.85,
      "count": 7
    },
    "paper_specificity": {
      "mean": 0.8642857142857143,
      "std": 0.07524562952029018,
      "min": 0.7,
      "max": 0.92,
      "count": 7
    },
    "tractability": {
      "mean": 0.5171428571428571,
      "std": 0.055291435658181794,
      "min": 0.45,
      "max": 0.6,
      "count": 7
    },
    "clarity": {
      "mean": 0.77,
      "std": 0.05196152422706632,
      "min": 0.7,
      "max": 0.84,
      "count": 7
    },
    "decision_hook": {
      "mean": 0.7042857142857143,
      "std": 0.10875923606099588,
      "min": 0.56,
      "max": 0.85,
      "count": 7
    },
    "dead_weight": {
      "mean": 0.11857142857142856,
      "std": 0.016761634196950512,
      "min": 0.1,
      "max": 0.15,
      "count": 7
    },
    "overall": {
      "mean": 0.6314285714285715,
      "std": 0.06094494002200439,
      "min": 0.52,
      "max": 0.69,
      "count": 7
    },
    "cruciality_x_specificity": {
      "mean": 0.6286857142857143,
      "std": 0.09696651361116768,
      "min": 0.45499999999999996,
      "max": 0.765,
      "count": 7
    }
  },
  "decision-pivots": {
    "cruciality": {
      "mean": 0.8142857142857143,
      "std": 0.05061526214398935,
      "min": 0.72,
      "max": 0.85,
      "count": 7
    },
    "paper_specificity": {
      "mean": 0.8157142857142857,
      "std": 0.07656307701434657,
      "min": 0.7,
      "max": 0.9,
      "count": 7
    },
    "tractability": {
      "mean": 0.45571428571428574,
      "std": 0.07828519290754435,
      "min": 0.35,
      "max": 0.56,
      "count": 7
    },
    "clarity": {
      "mean": 0.7371428571428571,
      "std": 0.042314018840996316,
      "min": 0.67,
      "max": 0.8,
      "count": 7
    },
    "decision_hook": {
      "mean": 0.9414285714285714,
      "std": 0.014638501094227957,
      "min": 0.92,
      "max": 0.95,
      "count": 7
    },
    "dead_weight": {
      "mean": 0.12571428571428572,
      "std": 0.03552329886011097,
      "min": 0.08,
      "max": 0.18,
      "count": 7
    },
    "overall": {
      "mean": 0.6114285714285714,
      "std": 0.06414269805898183,
      "min": 0.55,
      "max": 0.71,
      "count": 7
    },
    "cruciality_x_specificity": {
      "mean": 0.6656714285714286,
      "std": 0.08894831297417835,
      "min": 0.5599999999999999,
      "max": 0.765,
      "count": 7
    }
  },
  "adversarial-worldviews": {
    "cruciality": {
      "mean": 0.79,
      "std": 0.045092497528228935,
      "min": 0.75,
      "max": 0.85,
      "count": 7
    },
    "paper_specificity": {
      "mean": 0.7457142857142858,
      "std": 0.1773750398503261,
      "min": 0.45,
      "max": 0.92,
      "count": 7
    },
    "tractability": {
      "mean": 0.4742857142857143,
      "std": 0.0910781976942786,
      "min": 0.35,
      "max": 0.62,
      "count": 7
    },
    "clarity": {
      "mean": 0.7171428571428571,
      "std": 0.04270608298368658,
      "min": 0.65,
      "max": 0.78,
      "count": 7
    },
    "decision_hook": {
      "mean": 0.9357142857142857,
      "std": 0.024397501823713297,
      "min": 0.9,
      "max": 0.95,
      "count": 7
    },
    "dead_weight": {
      "mean": 0.11428571428571428,
      "std": 0.026992062325273115,
      "min": 0.08,
      "max": 0.15,
      "count": 7
    },
    "overall": {
      "mean": 0.6285714285714286,
      "std": 0.07470577207252717,
      "min": 0.55,
      "max": 0.76,
      "count": 7
    },
    "cruciality_x_specificity": {
      "mean": 0.5850142857142857,
      "std": 0.12472570476277708,
      "min": 0.3825,
      "max": 0.7176,
      "count": 7
    }
  },
  "branching-futures": {
    "cruciality": {
      "mean": 0.7414285714285714,
      "std": 0.05814595756329395,
      "min": 0.65,
      "max": 0.82,
      "count": 7
    },
    "paper_specificity": {
      "mean": 0.7114285714285714,
      "std": 0.10106574946185137,
      "min": 0.62,
      "max": 0.86,
      "count": 7
    },
    "tractability": {
      "mean": 0.6814285714285714,
      "std": 0.08355209381548963,
      "min": 0.55,
      "max": 0.78,
      "count": 7
    },
    "clarity": {
      "mean": 0.7542857142857143,
      "std": 0.031547394428670286,
      "min": 0.72,
      "max": 0.8,
      "count": 7
    },
    "decision_hook": {
      "mean": 0.8414285714285714,
      "std": 0.08764104278791066,
      "min": 0.71,
      "max": 0.9,
      "count": 7
    },
    "dead_weight": {
      "mean": 0.12571428571428572,
      "std": 0.0427617987059879,
      "min": 0.08,
      "max": 0.18,
      "count": 7
    },
    "overall": {
      "mean": 0.7042857142857143,
      "std": 0.041576092031014984,
      "min": 0.62,
      "max": 0.74,
      "count": 7
    },
    "cruciality_x_specificity": {
      "mean": 0.529,
      "std": 0.09740343936432636,
      "min": 0.42250000000000004,
      "max": 0.6880000000000001,
      "count": 7
    }
  }
}