{
  "baseline-v2": {
    "centrality": {
      "mean": 0.362,
      "std": 0.12994015716646046,
      "min": 0.2,
      "max": 0.65,
      "count": 10
    },
    "strength": {
      "mean": 0.44,
      "std": 0.13498971154211056,
      "min": 0.3,
      "max": 0.7,
      "count": 10
    },
    "correctness": {
      "mean": 0.767,
      "std": 0.06832113712298543,
      "min": 0.65,
      "max": 0.85,
      "count": 10
    },
    "clarity": {
      "mean": 0.907,
      "std": 0.01636391694484475,
      "min": 0.9,
      "max": 0.95,
      "count": 10
    },
    "dead_weight": {
      "mean": 0.058,
      "std": 0.017511900715418263,
      "min": 0.05,
      "max": 0.1,
      "count": 10
    },
    "single_issue": {
      "mean": 0.97,
      "std": 0.053748384988657,
      "min": 0.85,
      "max": 1.0,
      "count": 10
    },
    "overall": {
      "mean": 0.23500000000000001,
      "std": 0.045276925690687087,
      "min": 0.18,
      "max": 0.32,
      "count": 10
    },
    "strength_x_centrality": {
      "mean": 0.15145,
      "std": 0.04853317880012028,
      "min": 0.1,
      "max": 0.26,
      "count": 10
    }
  },
  "surgery": {
    "centrality": {
      "mean": 0.2833333333333333,
      "std": 0.20930724738891343,
      "min": 0.0,
      "max": 0.7,
      "count": 15
    },
    "strength": {
      "mean": 0.29333333333333333,
      "std": 0.22824381283013587,
      "min": 0.0,
      "max": 0.7,
      "count": 15
    },
    "correctness": {
      "mean": 0.7233333333333333,
      "std": 0.09232447954800248,
      "min": 0.6,
      "max": 0.85,
      "count": 15
    },
    "clarity": {
      "mean": 0.8766666666666667,
      "std": 0.05627314338711379,
      "min": 0.7,
      "max": 0.95,
      "count": 15
    },
    "dead_weight": {
      "mean": 0.05,
      "std": 0.05,
      "min": 0.0,
      "max": 0.2,
      "count": 15
    },
    "single_issue": {
      "mean": 0.9299999999999999,
      "std": 0.17808505191139912,
      "min": 0.3,
      "max": 1.0,
      "count": 15
    },
    "overall": {
      "mean": 0.18,
      "std": 0.08088792952509752,
      "min": 0.05,
      "max": 0.28,
      "count": 15
    },
    "strength_x_centrality": {
      "mean": 0.10366666666666667,
      "std": 0.07467110424738481,
      "min": 0.0,
      "max": 0.21,
      "count": 15
    }
  },
  "personas": {
    "centrality": {
      "mean": 0.4,
      "std": 0.190029237516523,
      "min": 0.15,
      "max": 0.8,
      "count": 10
    },
    "strength": {
      "mean": 0.33999999999999997,
      "std": 0.07745966692414834,
      "min": 0.2,
      "max": 0.45,
      "count": 10
    },
    "correctness": {
      "mean": 0.705,
      "std": 0.08316649966583099,
      "min": 0.55,
      "max": 0.8,
      "count": 10
    },
    "clarity": {
      "mean": 0.885,
      "std": 0.024152294576982418,
      "min": 0.85,
      "max": 0.9,
      "count": 10
    },
    "dead_weight": {
      "mean": 0.095,
      "std": 0.0158113883008419,
      "min": 0.05,
      "max": 0.1,
      "count": 10
    },
    "single_issue": {
      "mean": 0.91,
      "std": 0.08096638534327412,
      "min": 0.75,
      "max": 1.0,
      "count": 10
    },
    "overall": {
      "mean": 0.233,
      "std": 0.07288499312082167,
      "min": 0.15,
      "max": 0.35,
      "count": 10
    },
    "strength_x_centrality": {
      "mean": 0.14325000000000002,
      "std": 0.09223347488243568,
      "min": 0.045,
      "max": 0.32000000000000006,
      "count": 10
    }
  },
  "unforgettable": {
    "centrality": {
      "mean": 0.412,
      "std": 0.19320685518088868,
      "min": 0.15,
      "max": 0.7,
      "count": 10
    },
    "strength": {
      "mean": 0.45999999999999996,
      "std": 0.09660917830792959,
      "min": 0.35,
      "max": 0.6,
      "count": 10
    },
    "correctness": {
      "mean": 0.737,
      "std": 0.10176770935157511,
      "min": 0.6,
      "max": 0.85,
      "count": 10
    },
    "clarity": {
      "mean": 0.897,
      "std": 0.017669811040931443,
      "min": 0.85,
      "max": 0.92,
      "count": 10
    },
    "dead_weight": {
      "mean": 0.060000000000000005,
      "std": 0.021081851067789197,
      "min": 0.05,
      "max": 0.1,
      "count": 10
    },
    "single_issue": {
      "mean": 0.98,
      "std": 0.025819888974716137,
      "min": 0.95,
      "max": 1.0,
      "count": 10
    },
    "overall": {
      "mean": 0.258,
      "std": 0.06528569691917382,
      "min": 0.16,
      "max": 0.4,
      "count": 10
    },
    "strength_x_centrality": {
      "mean": 0.1797,
      "std": 0.0769401643414471,
      "min": 0.09,
      "max": 0.35,
      "count": 10
    }
  }
}